timestamp,energy_forecast,energy_actual
2019-09-01 00:00:00,14.80850994873768,0.0
2019-09-01 01:00:00,8.244982409394325,37.03720381982472
2019-09-01 02:00:00,7.430085583284175,0.0
2019-09-01 03:00:00,13.464223909671745,0.0
2019-09-01 04:00:00,13.228476078480398,0.0
2019-09-01 05:00:00,13.235325628380615,0.0
2019-09-01 06:00:00,15.717498127448756,9.107
2019-09-01 07:00:00,20.48998178787498,0.0
2019-09-01 08:00:00,45.361195611924984,8.304
2019-09-01 09:00:00,55.717358145400745,67.04400000000001
2019-09-01 10:00:00,65.5057961123008,36.273
2019-09-01 11:00:00,67.2929050167926,67.22079361723127
2019-09-01 12:00:00,61.64669709673081,69.575
2019-09-01 13:00:00,67.22534444007081,44.169
2019-09-01 14:00:00,61.19108012939555,26.035000000000004
2019-09-01 15:00:00,55.36820691492476,79.759
2019-09-01 16:00:00,46.195792335845795,37.911
2019-09-01 17:00:00,33.01958696893897,52.426
2019-09-01 18:00:00,39.61118276025245,95.069
2019-09-01 19:00:00,42.5067555675072,52.79320381982472
2019-09-01 20:00:00,32.26012826924864,19.968
2019-09-01 21:00:00,22.553704116596535,11.348896808615637
2019-09-01 22:00:00,20.886045281491892,11.059
2019-09-01 23:00:00,17.87343066262391,0.0
2019-09-02 00:00:00,20.989079321981333,0.0
2019-09-02 01:00:00,20.82754713664566,0.0
2019-09-02 02:00:00,20.03777417233119,0.0
2019-09-02 03:00:00,17.995900561798116,0.0
2019-09-02 04:00:00,18.48027162642162,0.0
2019-09-02 05:00:00,19.428425310002893,0.0
2019-09-02 06:00:00,28.92043388177207,16.679000000000002
2019-09-02 07:00:00,43.82643927468201,8.711
2019-09-02 08:00:00,78.00674467264389,38.055
2019-09-02 09:00:00,92.3290955217625,16.091
2019-09-02 10:00:00,112.11352137877742,33.439
2019-09-02 11:00:00,105.04499964202277,27.349
2019-09-02 12:00:00,91.39904161531322,51.382896808615634
2019-09-02 13:00:00,93.58461828138967,74.91789680861564
2019-09-02 14:00:00,86.8394049568642,68.714
2019-09-02 15:00:00,77.33479337945938,81.45
2019-09-02 16:00:00,69.5623077773759,36.869
2019-09-02 17:00:00,55.03548294218026,33.248999999999995
2019-09-02 18:00:00,71.71175429699636,20.797
2019-09-02 19:00:00,75.04236002535548,44.84989680861563
2019-09-02 20:00:00,54.886848483116154,7.791
2019-09-02 21:00:00,32.29644895290822,75.81240763964944
2019-09-02 22:00:00,29.856118648919562,0.0
2019-09-02 23:00:00,23.057437800894846,0.0
2019-09-03 00:00:00,22.95414897198109,0.0
2019-09-03 01:00:00,20.92910070186566,26.784
2019-09-03 02:00:00,21.293700916534036,0.0
2019-09-03 03:00:00,18.308577427650555,0.0
2019-09-03 04:00:00,17.046293172480098,4.553
2019-09-03 05:00:00,16.384363539019944,24.66
2019-09-03 06:00:00,31.453890707445204,31.477
2019-09-03 07:00:00,47.982851902772424,30.802
2019-09-03 08:00:00,80.65755019729912,163.64
2019-09-03 09:00:00,94.36854808090149,124.68120381982472
2019-09-03 10:00:00,113.22970666921314,161.622
2019-09-03 11:00:00,101.55923440838953,43.083896808615634
2019-09-03 12:00:00,91.10532835233762,142.222
2019-09-03 13:00:00,97.07861589738516,132.999
2019-09-03 14:00:00,92.097675947166,91.95889680861563
2019-09-03 15:00:00,86.96686342057704,80.81389680861564
2019-09-03 16:00:00,74.15921560121834,101.32889680861564
2019-09-03 17:00:00,60.827529011131986,37.046
2019-09-03 18:00:00,77.47723734266381,44.508
2019-09-03 19:00:00,81.39253090309307,18.278896808615634
2019-09-03 20:00:00,52.469675160809786,41.98020381982472
2019-09-03 21:00:00,35.65725874670348,0.0
2019-09-03 22:00:00,29.541710669387005,0.0
2019-09-03 23:00:00,28.458949213948962,0.0
2019-09-04 00:00:00,20.910896363841907,0.0
2019-09-04 01:00:00,25.05026625819063,0.0
2019-09-04 02:00:00,17.750784524908596,0.0
2019-09-04 03:00:00,19.55457656765202,0.0
2019-09-04 04:00:00,19.381089779161847,4.749
2019-09-04 05:00:00,19.75404263786163,30.188
2019-09-04 06:00:00,35.78736091402226,40.136
2019-09-04 07:00:00,55.261338719158054,22.886
2019-09-04 08:00:00,74.29948799066285,131.94589680861563
2019-09-04 09:00:00,96.42380448876519,102.538
2019-09-04 10:00:00,114.39734076123297,152.729
2019-09-04 11:00:00,110.5694230657477,131.3
2019-09-04 12:00:00,100.02749605996372,47.518
2019-09-04 13:00:00,100.48792389680804,96.46
2019-09-04 14:00:00,94.42289759429471,156.416
2019-09-04 15:00:00,88.80658095263347,72.445
2019-09-04 16:00:00,71.99142324495607,39.021
2019-09-04 17:00:00,58.233981194054756,98.40089680861564
2019-09-04 18:00:00,76.21409945806157,48.70489680861564
2019-09-04 19:00:00,85.30122509288935,46.605
2019-09-04 20:00:00,60.61653098385791,40.89
2019-09-04 21:00:00,36.14546793627069,29.401
2019-09-04 22:00:00,36.44206662709139,0.0
2019-09-04 23:00:00,26.307753851836406,0.0
2019-09-05 00:00:00,21.765294227213133,0.0
2019-09-05 01:00:00,22.068186533811215,0.0
2019-09-05 02:00:00,22.52169793924481,0.0
2019-09-05 03:00:00,26.09553112900995,0.0
2019-09-05 04:00:00,26.460986739892007,4.607
2019-09-05 05:00:00,18.429814292650825,24.472
2019-09-05 06:00:00,33.17427574328991,0.0
2019-09-05 07:00:00,49.0491350740587,51.036
2019-09-05 08:00:00,76.19198804165319,116.238
2019-09-05 09:00:00,104.12885581313022,149.755
2019-09-05 10:00:00,114.45311043734947,164.85389680861562
2019-09-05 11:00:00,105.74021378554448,94.907
2019-09-05 12:00:00,94.12914068247503,128.785
2019-09-05 13:00:00,101.51015878253824,82.427
2019-09-05 14:00:00,92.22652811047931,124.49
2019-09-05 15:00:00,88.14674266497909,52.79
2019-09-05 16:00:00,70.07054174431319,58.19189680861563
2019-09-05 17:00:00,60.35715385761095,26.134
2019-09-05 18:00:00,82.37177566181974,135.81989680861562
2019-09-05 19:00:00,90.5328257743701,69.277
2019-09-05 20:00:00,56.20989108927886,41.66120381982472
2019-09-05 21:00:00,32.290402419671224,2.239
2019-09-05 22:00:00,33.94636846605531,20.454
2019-09-05 23:00:00,24.858440925610157,0.0
2019-09-06 00:00:00,22.881155923526727,8.558
2019-09-06 01:00:00,27.721524214291573,0.0
2019-09-06 02:00:00,22.981488069423055,0.0
2019-09-06 03:00:00,20.20277476431979,0.0
2019-09-06 04:00:00,19.89558842468029,0.0
2019-09-06 05:00:00,18.31839880807199,27.573
2019-09-06 06:00:00,32.93684182529013,18.567
2019-09-06 07:00:00,41.762643849470095,51.116
2019-09-06 08:00:00,76.59921475776152,138.779
2019-09-06 09:00:00,111.57580066745567,161.604
2019-09-06 10:00:00,105.8870542786913,106.279
2019-09-06 11:00:00,96.28981120025752,163.39
2019-09-06 12:00:00,90.61294935837924,146.24589680861564
2019-09-06 13:00:00,93.6716202811427,85.432
2019-09-06 14:00:00,90.18249900344921,106.27220381982472
2019-09-06 15:00:00,86.32343319319249,44.886
2019-09-06 16:00:00,73.48223390052256,101.95420381982473
2019-09-06 17:00:00,54.99249796346033,90.89879361723126
2019-09-06 18:00:00,74.94684931054917,91.746
2019-09-06 19:00:00,81.2826503914746,89.447
2019-09-06 20:00:00,54.18879692465722,43.672
2019-09-06 21:00:00,32.90359744881603,20.207896808615637
2019-09-06 22:00:00,32.20629283663949,31.511
2019-09-06 23:00:00,29.224499710356092,74.07440763964944
2019-09-07 00:00:00,22.88918945928174,0.0
2019-09-07 01:00:00,21.54440169865383,0.0
2019-09-07 02:00:00,17.88635799159043,0.0
2019-09-07 03:00:00,16.568143259588567,0.0
2019-09-07 04:00:00,15.108444968487959,0.0
2019-09-07 05:00:00,17.309445670878247,0.0
2019-09-07 06:00:00,23.51666495464749,0.0
2019-09-07 07:00:00,27.8325791395617,28.098
2019-09-07 08:00:00,46.142463251107706,15.205
2019-09-07 09:00:00,58.82884808362045,54.009
2019-09-07 10:00:00,68.72436029274105,116.679
2019-09-07 11:00:00,70.36942116974484,163.25220381982473
2019-09-07 12:00:00,72.24707956008893,136.39100000000002
2019-09-07 13:00:00,75.25015528457256,81.596
2019-09-07 14:00:00,70.68285318454687,62.095
2019-09-07 15:00:00,63.71470834262384,41.606
2019-09-07 16:00:00,55.888104267994784,50.388896808615634
2019-09-07 17:00:00,48.691218139961094,80.05
2019-09-07 18:00:00,69.61861826112832,69.904
2019-09-07 19:00:00,79.99577926963727,40.98779361723127
2019-09-07 20:00:00,59.53851837392097,43.38920381982472
2019-09-07 21:00:00,36.20648592557381,13.632
2019-09-07 22:00:00,36.254782860220686,0.0
2019-09-07 23:00:00,26.139882574989162,0.0
2019-09-08 00:00:00,29.370083250680764,0.0
2019-09-08 01:00:00,31.523359817752148,0.0
2019-09-08 02:00:00,22.129519615849755,37.03720381982472
2019-09-08 03:00:00,17.88822994592976,0.0
2019-09-08 04:00:00,18.369874001552354,0.0
2019-09-08 05:00:00,20.194597173845956,0.0
2019-09-08 06:00:00,23.983465899259414,13.239
2019-09-08 07:00:00,30.640885730106817,25.155
2019-09-08 08:00:00,45.29987353333908,68.16220381982473
2019-09-08 09:00:00,54.500594041879175,73.0
2019-09-08 10:00:00,67.03144512138536,66.214
2019-09-08 11:00:00,81.07656053568984,36.866
2019-09-08 12:00:00,78.8380863141758,43.064
2019-09-08 13:00:00,76.88376852803066,111.72
2019-09-08 14:00:00,75.7484749245428,39.14289680861563
2019-09-08 15:00:00,79.01063949085962,19.748
2019-09-08 16:00:00,60.541918618416396,37.856
2019-09-08 17:00:00,55.753372994116695,47.14989680861564
2019-09-08 18:00:00,62.65393976747171,41.549
2019-09-08 19:00:00,61.99815315868062,17.761000000000003
2019-09-08 20:00:00,48.07460354634886,5.763
2019-09-08 21:00:00,33.50351543450172,0.853
2019-09-08 22:00:00,30.294209872159136,0.0
2019-09-08 23:00:00,28.576296754468412,0.0
2019-09-09 00:00:00,23.927071422610062,0.0
2019-09-09 01:00:00,20.585221824795873,0.0
2019-09-09 02:00:00,22.20745248522903,0.0
2019-09-09 03:00:00,23.178160272882817,0.0
2019-09-09 04:00:00,26.64922855874819,0.0
2019-09-09 05:00:00,25.63655747994458,19.75
2019-09-09 06:00:00,42.582480204746204,31.72189680861564
2019-09-09 07:00:00,53.37589815205436,98.486
2019-09-09 08:00:00,80.67215464123692,116.75889680861565
2019-09-09 09:00:00,87.88043314798679,124.31889680861563
2019-09-09 10:00:00,131.3569151322732,137.671
2019-09-09 11:00:00,127.54342523346894,33.550000000000004
2019-09-09 12:00:00,92.23695353650025,119.554
2019-09-09 13:00:00,100.32330711727536,79.44289680861563
2019-09-09 14:00:00,95.54736183519036,116.49989680861565
2019-09-09 15:00:00,97.20376324697354,112.671
2019-09-09 16:00:00,75.45937854575457,122.139
2019-09-09 17:00:00,67.84234623647453,36.754
2019-09-09 18:00:00,77.27582561543683,37.452
2019-09-09 19:00:00,73.50721880852367,31.583
2019-09-09 20:00:00,52.95936232649579,31.374
2019-09-09 21:00:00,43.00686407698905,0.0
2019-09-09 22:00:00,34.34635396811052,0.0
2019-09-09 23:00:00,27.39843279731505,0.0
2019-09-10 00:00:00,24.81425067692483,0.0
2019-09-10 01:00:00,23.277214087748057,0.0
2019-09-10 02:00:00,25.746211165057094,0.0
2019-09-10 03:00:00,26.35423993761231,0.0
2019-09-10 04:00:00,26.631179488105644,0.0
2019-09-10 05:00:00,26.887454150637573,46.867
2019-09-10 06:00:00,46.53140369185768,16.784
2019-09-10 07:00:00,66.179851271694,54.16
2019-09-10 08:00:00,64.01075629537341,180.311
2019-09-10 09:00:00,94.91019613716098,120.817
2019-09-10 10:00:00,130.70584173437436,127.109
2019-09-10 11:00:00,127.99858542805022,79.313
2019-09-10 12:00:00,104.4302173793479,103.882
2019-09-10 13:00:00,96.89958297945357,83.47289680861563
2019-09-10 14:00:00,98.71529736519449,77.161
2019-09-10 15:00:00,90.19805377474154,111.932
2019-09-10 16:00:00,86.94062064970178,49.684
2019-09-10 17:00:00,66.13111784887433,80.71589680861564
2019-09-10 18:00:00,75.60174133096757,54.481
2019-09-10 19:00:00,85.01333272333753,69.611
2019-09-10 20:00:00,63.1986020272257,0.0
2019-09-10 21:00:00,40.96124724082001,4.599
2019-09-10 22:00:00,41.423731910455714,2.826
2019-09-10 23:00:00,29.86509993618614,0.0
2019-09-11 00:00:00,24.44926355887784,0.0
2019-09-11 01:00:00,23.541893131122233,0.0
2019-09-11 02:00:00,25.579588267676513,0.0
2019-09-11 03:00:00,25.436695113252476,0.0
2019-09-11 04:00:00,26.289508114482274,4.838
2019-09-11 05:00:00,26.768160566662168,23.516
2019-09-11 06:00:00,39.57583391909775,22.145
2019-09-11 07:00:00,56.009378407465874,45.878
2019-09-11 08:00:00,76.14251775245239,109.56
2019-09-11 09:00:00,115.27152338995073,142.47189680861564
2019-09-11 10:00:00,133.1584588596155,100.27689680861565
2019-09-11 11:00:00,117.78693342000749,94.93089680861564
2019-09-11 12:00:00,109.48183562202433,167.567
2019-09-11 13:00:00,100.4735264284075,122.219
2019-09-11 14:00:00,100.65395477411552,107.154
2019-09-11 15:00:00,93.9188874560347,101.86620381982472
2019-09-11 16:00:00,80.38239245052617,106.554
2019-09-11 17:00:00,71.24730066057485,100.10079361723126
2019-09-11 18:00:00,81.29700005186264,104.247
2019-09-11 19:00:00,94.88934127824368,68.211
2019-09-11 20:00:00,70.41578483912707,11.16
2019-09-11 21:00:00,42.927166322753756,38.616
2019-09-11 22:00:00,43.640520969953265,12.148
2019-09-11 23:00:00,31.421985182242768,0.0
2019-09-12 00:00:00,24.789612381689697,0.0
2019-09-12 01:00:00,24.213584888516625,0.0
2019-09-12 02:00:00,25.466096661701577,0.0
2019-09-12 03:00:00,25.384406661980123,0.0
2019-09-12 04:00:00,25.85338869308827,4.68
2019-09-12 05:00:00,26.508313569241757,25.418
2019-09-12 06:00:00,39.1244055824263,43.788
2019-09-12 07:00:00,49.389084844100616,5.55
2019-09-12 08:00:00,67.35290512428986,94.45
2019-09-12 09:00:00,111.71948473176626,118.507
2019-09-12 10:00:00,122.62086618991724,154.512
2019-09-12 11:00:00,123.63527545973979,102.683
2019-09-12 12:00:00,99.87175028773837,96.895
2019-09-12 13:00:00,105.24713229310481,91.205
2019-09-12 14:00:00,99.28760803683846,163.132
2019-09-12 15:00:00,88.82853508189426,50.469
2019-09-12 16:00:00,79.45281907256458,88.645
2019-09-12 17:00:00,68.08043528019968,52.153
2019-09-12 18:00:00,81.79363671639567,83.74
2019-09-12 19:00:00,90.55591094632348,110.12320381982472
2019-09-12 20:00:00,67.89572748712035,27.157
2019-09-12 21:00:00,44.384854465064,10.742
2019-09-12 22:00:00,41.505980758292914,0.0
2019-09-12 23:00:00,32.78290227790587,0.0
2019-09-13 00:00:00,23.186385873367616,0.0
2019-09-13 01:00:00,24.04036124069238,0.0
2019-09-13 02:00:00,26.10685629105647,0.0
2019-09-13 03:00:00,26.238422108554854,0.0
2019-09-13 04:00:00,26.716587335265988,0.0
2019-09-13 05:00:00,27.710377802974477,26.134
2019-09-13 06:00:00,39.500504427783106,28.431
2019-09-13 07:00:00,48.12443417756682,69.42789680861564
2019-09-13 08:00:00,65.66644690362497,144.30020381982473
2019-09-13 09:00:00,117.78265046536647,113.62
2019-09-13 10:00:00,135.71959471592632,106.119
2019-09-13 11:00:00,123.97451572486703,91.906
2019-09-13 12:00:00,109.47373149647244,152.78
2019-09-13 13:00:00,101.68838585617523,33.351
2019-09-13 14:00:00,92.99037366763758,95.757
2019-09-13 15:00:00,93.26714279654404,87.351
2019-09-13 16:00:00,78.73547779986123,91.54320381982473
2019-09-13 17:00:00,67.93336602724091,76.74
2019-09-13 18:00:00,80.5840919887244,55.14989680861564
2019-09-13 19:00:00,91.61445361650146,107.583
2019-09-13 20:00:00,69.41938946797636,59.334
2019-09-13 21:00:00,44.93274986510587,47.185
2019-09-13 22:00:00,38.77744219422055,0.0
2019-09-13 23:00:00,32.16140244239615,0.0
2019-09-14 00:00:00,24.96288315036802,0.0
2019-09-14 01:00:00,22.982233106291268,0.0
2019-09-14 02:00:00,21.25253919656239,0.0
2019-09-14 03:00:00,19.943158711327428,0.0
2019-09-14 04:00:00,19.173389175299363,0.0
2019-09-14 05:00:00,20.098206383554093,5.146
2019-09-14 06:00:00,22.062287024135685,0.0
2019-09-14 07:00:00,26.078583739610814,8.956
2019-09-14 08:00:00,40.054001603625814,82.84910062844035
2019-09-14 09:00:00,73.58588476151206,21.959
2019-09-14 10:00:00,72.20089989038901,75.032
2019-09-14 11:00:00,79.00230685784456,99.498
2019-09-14 12:00:00,77.65996259051255,76.05499999999999
2019-09-14 13:00:00,86.83387045978569,34.27689680861563
2019-09-14 14:00:00,86.68922568288734,80.53099999999999
2019-09-14 15:00:00,73.07315172157777,25.02
2019-09-14 16:00:00,63.81856345701472,171.62330444826506
2019-09-14 17:00:00,64.27953618890831,78.62389680861563
2019-09-14 18:00:00,79.43311919717384,93.334
2019-09-14 19:00:00,79.98473967975592,53.988
2019-09-14 20:00:00,68.9377897927212,36.729
2019-09-14 21:00:00,48.04822265753436,0.0
2019-09-14 22:00:00,47.688203009709014,21.182
2019-09-14 23:00:00,33.51638735178993,37.63710062844035
2019-09-15 00:00:00,26.411559764568775,0.0
2019-09-15 01:00:00,17.78412195674352,0.0
2019-09-15 02:00:00,15.956214232637379,0.0
2019-09-15 03:00:00,14.531917888410455,0.0
2019-09-15 04:00:00,15.67801278403897,0.0
2019-09-15 05:00:00,15.568549448361772,0.0
2019-09-15 06:00:00,19.54932623832225,20.355
2019-09-15 07:00:00,24.10117296501902,33.342
2019-09-15 08:00:00,37.707150530402814,19.499
2019-09-15 09:00:00,47.96962189920259,99.427
2019-09-15 10:00:00,58.223307311192144,95.51389680861564
2019-09-15 11:00:00,66.97883087008341,101.41620381982472
2019-09-15 12:00:00,71.67570449811774,72.68
2019-09-15 13:00:00,73.90184774005333,127.151
2019-09-15 14:00:00,72.83508198446911,60.257000000000005
2019-09-15 15:00:00,69.0793966297874,64.61379361723127
2019-09-15 16:00:00,60.91931337369509,46.121
2019-09-15 17:00:00,57.57189552709528,58.306
2019-09-15 18:00:00,61.54246954475845,42.505
2019-09-15 19:00:00,62.84866707070918,0.599896808615634
2019-09-15 20:00:00,48.70204862312251,1.071
2019-09-15 21:00:00,36.305004723710354,36.735
2019-09-15 22:00:00,29.776933141480225,37.03720381982472
2019-09-15 23:00:00,25.837851149528248,0.0
2019-09-16 00:00:00,19.882614644648612,0.0
2019-09-16 01:00:00,17.022875566059177,0.0
2019-09-16 02:00:00,16.674396197777185,0.0
2019-09-16 03:00:00,18.282800912757736,0.0
2019-09-16 04:00:00,18.415745090339797,4.637
2019-09-16 05:00:00,18.40676148735679,5.282
2019-09-16 06:00:00,29.827764865895773,25.189
2019-09-16 07:00:00,41.55085477574232,23.18
2019-09-16 08:00:00,56.141709559667035,95.979
2019-09-16 09:00:00,84.08363689464608,151.60220381982472
2019-09-16 10:00:00,106.4853642274586,185.653
2019-09-16 11:00:00,107.15132795556005,105.567
2019-09-16 12:00:00,91.36690619723896,109.94889680861564
2019-09-16 13:00:00,92.09007340421918,83.444
2019-09-16 14:00:00,90.03718717090214,95.86789680861564
2019-09-16 15:00:00,88.52842206471985,89.917
2019-09-16 16:00:00,73.1976146874568,55.808
2019-09-16 17:00:00,65.69090271345172,51.183
2019-09-16 18:00:00,71.68208461860242,81.196
2019-09-16 19:00:00,76.33842078049065,28.806
2019-09-16 20:00:00,57.552110906847496,11.274
2019-09-16 21:00:00,39.71052523657178,2.824
2019-09-16 22:00:00,33.064841898209465,37.03720381982472
2019-09-16 23:00:00,25.51741831946985,0.0
2019-09-17 00:00:00,20.04657454335841,0.0
2019-09-17 01:00:00,17.807002434135775,0.0
2019-09-17 02:00:00,16.49768196612863,0.0
2019-09-17 03:00:00,16.767150094936248,0.0
2019-09-17 04:00:00,16.419103815425167,0.0
2019-09-17 05:00:00,17.08220394841002,39.105
2019-09-17 06:00:00,27.963052966304836,29.803
2019-09-17 07:00:00,42.903290666588035,9.725
2019-09-17 08:00:00,58.689861510183924,171.01
2019-09-17 09:00:00,96.95700115635366,110.17720381982473
2019-09-17 10:00:00,116.86386196538768,119.326
2019-09-17 11:00:00,119.07708874738526,95.197
2019-09-17 12:00:00,104.89467670459439,146.08179361723126
2019-09-17 13:00:00,101.99078267517716,71.411
2019-09-17 14:00:00,98.59176285468861,78.586
2019-09-17 15:00:00,91.15289454356373,109.48289680861564
2019-09-17 16:00:00,75.34020516724836,42.741
2019-09-17 17:00:00,67.28895381466555,91.43189680861563
2019-09-17 18:00:00,74.97807174117293,112.91420381982472
2019-09-17 19:00:00,79.57194490565402,102.63389680861565
2019-09-17 20:00:00,60.44332164203035,11.746
2019-09-17 21:00:00,40.71875579665371,13.48
2019-09-17 22:00:00,35.01654566367299,0.0
2019-09-17 23:00:00,28.199150942390048,0.0
2019-09-18 00:00:00,20.82044099575732,0.0
2019-09-18 01:00:00,18.50985198714867,0.0
2019-09-18 02:00:00,17.376106595807762,0.0
2019-09-18 03:00:00,16.00944973155621,0.0
2019-09-18 04:00:00,16.767653375527566,4.666
2019-09-18 05:00:00,17.254944688625727,38.547
2019-09-18 06:00:00,27.545759867597088,46.88689680861563
2019-09-18 07:00:00,44.287621276256196,69.664
2019-09-18 08:00:00,58.799771999960484,102.846
2019-09-18 09:00:00,85.5199585020342,77.14889680861563
2019-09-18 10:00:00,119.26178924444487,126.00289680861565
2019-09-18 11:00:00,120.17350753252494,91.719
2019-09-18 12:00:00,105.41544983174646,79.105
2019-09-18 13:00:00,105.64381517327524,75.985
2019-09-18 14:00:00,99.52702148431581,115.84920381982472
2019-09-18 15:00:00,92.2725781065441,59.786
2019-09-18 16:00:00,76.73691777012554,69.86420381982472
2019-09-18 17:00:00,69.8914635763129,77.709
2019-09-18 18:00:00,80.05105592285706,79.70320381982472
2019-09-18 19:00:00,87.38514647746679,25.448896808615636
2019-09-18 20:00:00,69.74242151889982,40.34220381982472
2019-09-18 21:00:00,43.5535230485109,10.747
2019-09-18 22:00:00,36.78232501331926,0.0
2019-09-18 23:00:00,30.253384733631506,0.0
2019-09-19 00:00:00,21.666063417747345,37.03720381982472
2019-09-19 01:00:00,18.13972220322858,0.0
2019-09-19 02:00:00,16.63465671923978,0.0
2019-09-19 03:00:00,16.231953243114503,0.0
2019-09-19 04:00:00,17.51579877973704,0.0
2019-09-19 05:00:00,18.624378956098766,25.453
2019-09-19 06:00:00,27.06465214059048,14.480999999999998
2019-09-19 07:00:00,42.77810845687046,58.90520381982472
2019-09-19 08:00:00,57.50608127548695,65.34
2019-09-19 09:00:00,88.37759803936648,172.285
2019-09-19 10:00:00,120.44305473327302,154.302
2019-09-19 11:00:00,119.14470549052707,95.408
2019-09-19 12:00:00,102.1629951068673,180.359
2019-09-19 13:00:00,104.18348309979211,126.39589680861565
2019-09-19 14:00:00,97.95567011973048,145.20999999999998
2019-09-19 15:00:00,90.44508260387454,124.722
2019-09-19 16:00:00,76.69411032497133,14.172
2019-09-19 17:00:00,68.32581321658293,119.31420381982473
2019-09-19 18:00:00,81.27235071190263,118.61089680861564
2019-09-19 19:00:00,90.11665304072145,45.093
2019-09-19 20:00:00,71.63847473037107,32.077
2019-09-19 21:00:00,44.5042090251418,3.029896808615634
2019-09-19 22:00:00,37.77729089939929,8.145
2019-09-19 23:00:00,30.076645686988545,0.0
2019-09-20 00:00:00,21.723723132175593,0.0
2019-09-20 01:00:00,18.93802071815088,0.0
2019-09-20 02:00:00,19.818634877878267,0.0
2019-09-20 03:00:00,17.89661138187128,0.0
2019-09-20 04:00:00,16.563675363336515,0.0
2019-09-20 05:00:00,17.696158230071795,32.97789680861563
2019-09-20 06:00:00,27.092621240952536,22.629
2019-09-20 07:00:00,41.358407577001195,45.143
2019-09-20 08:00:00,55.98932843276335,129.10479361723128
2019-09-20 09:00:00,88.22841142859923,203.582
2019-09-20 10:00:00,119.74431756126978,70.144
2019-09-20 11:00:00,115.22042697311309,151.58689680861562
2019-09-20 12:00:00,99.7287324350126,107.022
2019-09-20 13:00:00,99.69055165432485,134.673
2019-09-20 14:00:00,94.04009138033152,104.558
2019-09-20 15:00:00,87.47060542638309,46.496
2019-09-20 16:00:00,74.7581260895968,101.14820381982472
2019-09-20 17:00:00,68.11788372345418,130.834
2019-09-20 18:00:00,79.66318156964181,147.454
2019-09-20 19:00:00,88.59093365987749,69.015
2019-09-20 20:00:00,71.39954115662795,20.147
2019-09-20 21:00:00,43.41442647991863,11.678
2019-09-20 22:00:00,37.80328382964665,8.83
2019-09-20 23:00:00,31.502427721301988,0.0
2019-09-21 00:00:00,23.224397128309135,0.0
2019-09-21 01:00:00,20.066631945278502,0.0
2019-09-21 02:00:00,16.03048567310993,0.0
2019-09-21 03:00:00,14.785140188187626,0.0
2019-09-21 04:00:00,14.397543708026411,0.0
2019-09-21 05:00:00,14.157257954809914,0.0
2019-09-21 06:00:00,16.58204123990317,21.042
2019-09-21 07:00:00,22.864091637552644,4.405
2019-09-21 08:00:00,34.73201943286439,69.08920381982472
2019-09-21 09:00:00,49.07871710232477,76.912
2019-09-21 10:00:00,56.089595696045,75.763
2019-09-21 11:00:00,68.06117485541672,78.17589680861563
2019-09-21 12:00:00,73.10784716467346,115.24379361723126
2019-09-21 13:00:00,77.36441430936881,105.952
2019-09-21 14:00:00,75.1155607436158,86.32
2019-09-21 15:00:00,70.86575440630874,117.25289680861565
2019-09-21 16:00:00,62.44791880123655,84.66210062844034
2019-09-21 17:00:00,63.06282636114308,119.14430444826507
2019-09-21 18:00:00,76.85006056738747,47.803
2019-09-21 19:00:00,83.12298614468324,80.1
2019-09-21 20:00:00,72.40420235701397,87.074
2019-09-21 21:00:00,49.06618459876269,0.0
2019-09-21 22:00:00,42.76349480544208,37.03720381982472
2019-09-21 23:00:00,32.68687074209952,0.0
2019-09-22 00:00:00,25.095223116590176,0.0
2019-09-22 01:00:00,21.28296473171804,13.048
2019-09-22 02:00:00,19.020156862063253,0.0
2019-09-22 03:00:00,16.343845433550484,0.0
2019-09-22 04:00:00,15.598659619481225,0.0
2019-09-22 05:00:00,15.353997140585214,0.0
2019-09-22 06:00:00,19.629162683256546,7.98
2019-09-22 07:00:00,24.489161910994532,13.548
2019-09-22 08:00:00,37.04312986945506,29.521
2019-09-22 09:00:00,44.34757328044074,61.978
2019-09-22 10:00:00,54.06928408955155,151.899
2019-09-22 11:00:00,69.02051790228296,80.394
2019-09-22 12:00:00,72.8205407618247,79.509
2019-09-22 13:00:00,74.60068145003763,74.429
2019-09-22 14:00:00,74.6549410382369,63.591
2019-09-22 15:00:00,69.66480543639356,40.77089680861563
2019-09-22 16:00:00,60.323006639117395,63.374
2019-09-22 17:00:00,56.143916292581444,48.883
2019-09-22 18:00:00,59.83960084668507,39.539
2019-09-22 19:00:00,58.68131451655227,35.21089680861564
2019-09-22 20:00:00,48.42367811684764,15.344
2019-09-22 21:00:00,35.881331313776286,15.984
2019-09-22 22:00:00,31.203722198766147,0.0
2019-09-22 23:00:00,27.179051533388296,0.0
2019-09-23 00:00:00,21.873895474690237,37.03720381982472
2019-09-23 01:00:00,17.855902159671928,0.0
2019-09-23 02:00:00,16.932940770921213,0.0
2019-09-23 03:00:00,17.73990435082083,0.0
2019-09-23 04:00:00,18.82130954054543,4.754
2019-09-23 05:00:00,19.72424879006593,0.0
2019-09-23 06:00:00,30.114463608024643,63.756
2019-09-23 07:00:00,43.004148126839624,43.273
2019-09-23 08:00:00,57.71816168564376,148.237
2019-09-23 09:00:00,91.54890809493983,122.561
2019-09-23 10:00:00,109.17964032876591,123.979
2019-09-23 11:00:00,128.36283204195962,165.59689680861564
2019-09-23 12:00:00,111.2792023938205,168.79789680861563
2019-09-23 13:00:00,97.34119619767924,59.958
2019-09-23 14:00:00,93.7146837119686,190.497
2019-09-23 15:00:00,89.93761505400519,65.084
2019-09-23 16:00:00,74.52209797096094,78.95700000000001
2019-09-23 17:00:00,63.95868532920939,105.686
2019-09-23 18:00:00,72.62482911058643,75.85789680861564
2019-09-23 19:00:00,76.22196345914617,56.50020381982472
2019-09-23 20:00:00,55.94916067346994,0.0
2019-09-23 21:00:00,39.88011660343335,27.044
2019-09-23 22:00:00,33.52426033615009,0.0
2019-09-23 23:00:00,27.619704484360124,0.0
2019-09-24 00:00:00,21.903015408846368,0.0
2019-09-24 01:00:00,19.512928069550718,0.0
2019-09-24 02:00:00,18.165494621177245,0.0
2019-09-24 03:00:00,18.715697518571908,0.0
2019-09-24 04:00:00,19.28535193991447,0.0
2019-09-24 05:00:00,19.55852438708348,28.234
2019-09-24 06:00:00,30.92234816287604,73.957
2019-09-24 07:00:00,44.59449465254538,24.875
2019-09-24 08:00:00,62.3984931248937,140.453
2019-09-24 09:00:00,86.49012197673562,183.17220381982472
2019-09-24 10:00:00,109.66674843446674,169.671
2019-09-24 11:00:00,125.0263628300878,35.529
2019-09-24 12:00:00,110.20793752333046,122.245
2019-09-24 13:00:00,101.87840159620166,86.844
2019-09-24 14:00:00,102.12672139013193,139.406
2019-09-24 15:00:00,94.63149126323982,160.285
2019-09-24 16:00:00,79.32498773033831,41.63989680861563
2019-09-24 17:00:00,68.85196101896945,101.516
2019-09-24 18:00:00,76.39563380954372,65.18789680861563
2019-09-24 19:00:00,79.29066800773248,26.649
2019-09-24 20:00:00,63.97991039046504,19.629
2019-09-24 21:00:00,42.23087874809433,6.074
2019-09-24 22:00:00,35.824250888823215,0.0
2019-09-24 23:00:00,29.369603845795734,0.0
2019-09-25 00:00:00,21.948307374047136,0.0
2019-09-25 01:00:00,19.010011111767916,0.0
2019-09-25 02:00:00,17.93901734415519,0.0
2019-09-25 03:00:00,18.262895812839737,0.0
2019-09-25 04:00:00,18.677500651146417,0.0
2019-09-25 05:00:00,18.63218843006836,31.977
2019-09-25 06:00:00,28.99696888230455,39.695
2019-09-25 07:00:00,41.33058028069259,68.162
2019-09-25 08:00:00,56.761844161481406,142.704
2019-09-25 09:00:00,87.29238649035571,138.829
2019-09-25 10:00:00,115.60532517221087,62.694
2019-09-25 11:00:00,123.50256133718928,87.88689680861563
2019-09-25 12:00:00,108.86035328298962,142.83689680861565
2019-09-25 13:00:00,103.00166716658524,99.55
2019-09-25 14:00:00,106.084886724513,64.668
2019-09-25 15:00:00,96.73806872361587,31.093
2019-09-25 16:00:00,81.49468846120857,86.04
2019-09-25 17:00:00,70.6925329570746,50.467
2019-09-25 18:00:00,81.92278614918669,94.956
2019-09-25 19:00:00,89.33144580689651,62.367
2019-09-25 20:00:00,70.41288488890942,19.604
2019-09-25 21:00:00,45.23580134263963,7.655
2019-09-25 22:00:00,38.925457527802536,37.03720381982472
2019-09-25 23:00:00,31.15268267964096,0.0
2019-09-26 00:00:00,22.712308981584215,0.0
2019-09-26 01:00:00,19.523387639351746,0.0
2019-09-26 02:00:00,18.093773814188083,0.0
2019-09-26 03:00:00,17.965919813456473,0.0
2019-09-26 04:00:00,17.7584401663211,10.469
2019-09-26 05:00:00,18.984530475117595,24.504
2019-09-26 06:00:00,29.109203982385583,34.931
2019-09-26 07:00:00,43.22758481324213,36.249
2019-09-26 08:00:00,57.70006237401975,154.76140763964943
2019-09-26 09:00:00,80.14701350827546,227.882
2019-09-26 10:00:00,106.83402488877365,88.712
2019-09-26 11:00:00,113.81367945984024,63.609
2019-09-26 12:00:00,104.52570494498639,104.93020381982473
2019-09-26 13:00:00,102.40524899259586,138.48489680861564
2019-09-26 14:00:00,99.27702184853196,139.71689680861564
2019-09-26 15:00:00,92.51319731832201,107.626
2019-09-26 16:00:00,76.07150050502199,83.78320381982472
2019-09-26 17:00:00,70.9762177649785,94.654
2019-09-26 18:00:00,78.40457158056739,110.85989680861564
2019-09-26 19:00:00,84.99849341862623,76.159
2019-09-26 20:00:00,67.87778742980784,7.383
2019-09-26 21:00:00,42.97175461983627,0.0
2019-09-26 22:00:00,37.78173509114714,0.0
2019-09-26 23:00:00,31.49849470372816,0.0
2019-09-27 00:00:00,23.592126808964025,12.419
2019-09-27 01:00:00,20.083298495649473,0.0
2019-09-27 02:00:00,18.849268436740495,0.0
2019-09-27 03:00:00,18.917000486584236,0.0
2019-09-27 04:00:00,18.722258252274983,0.0
2019-09-27 05:00:00,19.483552502405573,47.671
2019-09-27 06:00:00,29.53761178215515,29.523
2019-09-27 07:00:00,37.989574494340395,76.717
2019-09-27 08:00:00,54.75908663641137,172.536
2019-09-27 09:00:00,86.5411767352202,122.079
2019-09-27 10:00:00,118.07239800503376,72.166
2019-09-27 11:00:00,125.03548092239754,68.589
2019-09-27 12:00:00,111.01703493317666,163.076
2019-09-27 13:00:00,102.01704683844629,140.537
2019-09-27 14:00:00,97.25201140058229,88.935
2019-09-27 15:00:00,89.13930945526586,51.10489680861564
2019-09-27 16:00:00,79.97806107552199,52.80510062844036
2019-09-27 17:00:00,71.8087562960018,76.128
2019-09-27 18:00:00,81.84073406613027,96.412
2019-09-27 19:00:00,89.11121926370058,103.44210062844036
2019-09-27 20:00:00,72.25939424069335,34.611
2019-09-27 21:00:00,45.78586325363516,0.0
2019-09-27 22:00:00,38.830836834429164,37.03720381982472
2019-09-27 23:00:00,32.5957476001368,0.0
2019-09-28 00:00:00,23.464156045139084,66.98520381982472
2019-09-28 01:00:00,20.685913863258143,0.0
2019-09-28 02:00:00,17.58830765107499,0.0
2019-09-28 03:00:00,15.507124407036095,0.0
2019-09-28 04:00:00,14.465522213915968,0.0
2019-09-28 05:00:00,14.345535123220905,0.0
2019-09-28 06:00:00,16.401550605950497,14.155
2019-09-28 07:00:00,19.88362230564855,45.13820381982472
2019-09-28 08:00:00,32.32628543039942,46.75689680861564
2019-09-28 09:00:00,44.06315050773672,38.61
2019-09-28 10:00:00,53.91042401107037,117.85120381982472
2019-09-28 11:00:00,65.46904143809829,25.397
2019-09-28 12:00:00,69.98665881187699,112.677
2019-09-28 13:00:00,76.16433046439786,113.31289680861563
2019-09-28 14:00:00,75.59040547456696,79.495
2019-09-28 15:00:00,74.67164146151657,16.399
2019-09-28 16:00:00,68.49561968738226,64.783
2019-09-28 17:00:00,63.98985081755226,59.255
2019-09-28 18:00:00,75.75880179814848,101.675
2019-09-28 19:00:00,81.81165255235544,71.19310062844036
2019-09-28 20:00:00,72.27076200804325,23.018
2019-09-28 21:00:00,48.485204205715185,30.551
2019-09-28 22:00:00,42.57487947825992,10.218
2019-09-28 23:00:00,34.01557152143047,0.0
2019-09-29 00:00:00,26.107945118044817,0.0
2019-09-29 01:00:00,20.368226082498587,0.0
2019-09-29 02:00:00,18.03549756602643,37.03720381982472
2019-09-29 03:00:00,16.498581227063667,0.0
2019-09-29 04:00:00,15.899892280309984,0.0
2019-09-29 05:00:00,16.06342734618842,0.0
2019-09-29 06:00:00,19.375564804102808,19.87
2019-09-29 07:00:00,24.47612060311735,58.012
2019-09-29 08:00:00,37.20449487175149,79.25410062844036
2019-09-29 09:00:00,48.10858176400852,73.964
2019-09-29 10:00:00,51.966514781486126,84.919
2019-09-29 11:00:00,64.82028800113989,87.42589680861563
2019-09-29 12:00:00,70.49891010557201,86.959
2019-09-29 13:00:00,73.60734864380044,108.845
2019-09-29 14:00:00,73.48596015358322,92.643
2019-09-29 15:00:00,68.31190126914969,32.95389680861563
2019-09-29 16:00:00,59.87371524382166,72.347
2019-09-29 17:00:00,54.90937978102011,50.772
2019-09-29 18:00:00,57.814115137909006,37.865
2019-09-29 19:00:00,56.15047831029088,13.096
2019-09-29 20:00:00,48.21967668424697,4.884
2019-09-29 21:00:00,37.32481995985742,37.03720381982472
2019-09-29 22:00:00,28.33245764132781,0.0
2019-09-29 23:00:00,25.391099378078383,0.0
2019-09-30 00:00:00,20.935254097440094,0.0
2019-09-30 01:00:00,17.916816938924306,20.691
2019-09-30 02:00:00,16.973345158353652,0.0
2019-09-30 03:00:00,18.413156720618893,0.0
2019-09-30 04:00:00,18.72172113527087,22.424
2019-09-30 05:00:00,18.11774897378293,19.774
2019-09-30 06:00:00,29.796117852719586,68.105
2019-09-30 07:00:00,41.72342478117764,22.891896808615638
2019-09-30 08:00:00,55.6793842649009,160.691
2019-09-30 09:00:00,80.76078676013287,115.785
2019-09-30 10:00:00,103.76507147422768,162.63
2019-09-30 11:00:00,112.61315903756744,193.638
2019-09-30 12:00:00,100.04466286041168,85.51899999999999
2019-09-30 13:00:00,95.83781667138096,91.991
2019-09-30 14:00:00,92.24068097109412,93.571
2019-09-30 15:00:00,86.85855470759282,120.77310062844036
2019-09-30 16:00:00,74.692912324727,71.506
2019-09-30 17:00:00,63.91355372175666,79.03789680861564
2019-09-30 18:00:00,73.16601219720616,32.025
2019-09-30 19:00:00,75.77681204068176,67.75589680861563
2019-09-30 20:00:00,56.94742027551999,0.0
2019-09-30 21:00:00,39.70959461315478,0.0
2019-09-30 22:00:00,33.75595876159676,0.0
2019-09-30 23:00:00,27.287496160582062,0.0
